"id","name"
"1","Karsin"
"2","Głusk"
"3","Abramów"
"4","Goraj"
"5","Kałuszyn"
"6","Kuźnica"
"7","Klimontów"
"8","Baranowo"
"9","Stąporków"
"10","Olesno"
"11","Zagórów"
"12","Olszówka"
"13","Włocławek"
"14","Zadzim"
"15","Włodawa"
"16","Koczała"
"17","Zbójno"
"18","Błaszki"
"19","Kęsowo"
"20","Młodzieszyn"
"21","Gołcza"
"22","Lyski"
"23","Mszczonów"
"24","Kutno"
"25","Grodzisk Mazowiecki"
"26","Szypliszki"
"27","Czerwonka"
"28","Strzegowo"
"29","Długosiodło"
"30","Nowe Miasto"
"31","Joniec"
"32","Mochowo"
"33","Bieżuń"
"34","Biskupiec"
"35","Lidzbark"
"36","Susz"
"37","Kleczew"
"38","Wolsztyn"
"39","Elbląg"
"40","Stary Dzierzgoń"
"41","Jabłonowo Pomorskie"
"42","Chrostkowo"
"43","Więcbork"
"44","Mielnik"
"45","Dobre"
"46","Wierzbno"
"47","Szczawin Kościelny"
"48","Cyców"
"49","Adamów"
"50","Rejowiec"
"51","Smyków"
"52","Opoczno"
"53","Żarnów"
"54","Paradyż"
"55","Promna"
"56","Głowaczów"
"57","Brody"
"58","Sienno"
"59","Opatów"
"60","Lipnik"
"61","Mykanów"
"62","Kłomnice"
"63","Krzymów"
"64","Golina"
"65","Brzeziny"
"66","Nowy Kawęczyn"
"67","Budziszewice"
"68","Wolbórz"
"69","Łęki Szlacheckie"
"70","Bełchatów"
"71","Kleszczów"
"72","Ładzice"
"73","Poddębice"
"74","Chynów"
"75","Czosnów"
"76","Żółkiewka"
"77","Rytwiany"
"78","Adamówka"
"79","Radziejowice"
"80","Jadów"
"81","Korytnica"
"82","Wyryki"
"83","Turośl"
"84","Zabrodzie"
"85","Werbkowice"
"86","Chodel"
"87","Fałków"
"88","Sulejów"
"89","Siedliszcze"
"90","Pionki"
"91","Rozprza"
"92","Rakoniewice"
"93","Ceranów"
"94","Zgierz"
"95","Trzydnik Duży"
"96","Zaleszany"
"97","Szczutowo"
"98","Lubraniec"
"99","Filipów"
"100","Fredropol"
"101","Strawczyn"
"102","Grodzisk Wielkopolski"
"103","Puchaczów"
"104","Lipie"
"105","Turek"
"106","Lutomiersk"
"107","Lubochnia"
"108","Rokiciny"
"109","Łańcut"
"110","Kotuń"
"111","Kosów Lacki"
"112","Głowno"
"113","Ozorków"
"114","Puszcza Mariańska"
"115","Konopiska"
"116","Zabierzów"
"117","Wińsko"
"118","Dobrcz"
"119","Nasielsk"
"120","Chorzele"
"121","Lelis"
"122","Troszyn"
"123","Staroźreby"
"124","Orzysz"
"125","Bakałarzewo"
"126","Krasnopol"
"127","Grodzisk"
"128","Wapno"
"129","Gostyń"
"130","Międzychód"
"131","Brześć Kujawski"
"132","Nieporęt"
"133","Jakubów"
"134","Góra Kalwaria"
"135","Pniewy"
"136","Łaskarzew"
"137","Sanniki"
"138","Łuków"
"139","Stanin"
"140","Gościeradów"
"141","Aleksandrów"
"142","Chlewiska"
"143","Jedlnia-Letnisko"
"144","Wyśmierzyce"
"145","Magnuszew"
"146","Sędziszów"
"147","Pińczów"
"148","Panki"
"149","Koniecpol"
"150","Praszka"
"151","Chodów"
"152","Przykona"
"153","Mycielin"
"154","Nowe Miasto nad Wartą"
"155","Biała Rawska"
"156","Wiskitki"
"157","Rybno"
"158","Iłów"
"159","Ujazd"
"160","Kamieńsk"
"161","Rusiec"
"162","Strzelce"
"163","Żychlin"
"164","Aleksandrów Kujawski"
"165","Aleksandrów Łódzki"
"166","Grodziec"
"167","Łask"
"168","Grabów"
"169","Dębe Wielkie"
"170","Belsk Duży"
"171","Grębków"
"172","Michów"
"173","Stoczek Łukowski"
"174","Drelów"
"175","Sawin"
"176","Batorz"
"177","Policzna"
"178","Kozienice"
"179","Przyrów"
"180","Koło"
"181","Dalików"
"182","Gostynin"
"183","Zabłudów"
"184","Giby"
"185","Jasieniec"
"186","Słubice"
"187","Wodzierady"
"188","Nowa Dęba"
"189","Leśniowice"
"190","Iłża"
"191","Sochaczew"
"192","Krzeszyce"
"193","Alwernia"
"194","Pietrowice Wielkie"
"195","Góra Świętej Małgorzaty"
"196","Pawłów"
"197","Krasnosielc"
"198","Kamionka"
"199","Siemień"
"200","Radomsko"
"201","Masłów"
"202","Szubin"
"203","Olsztynek"
"204","Mircze"
"205","Parzęczew"
"206","Powidz"
"207","Pacyna"
"208","Narew"
"209","Andrespol"
"210","Samborzec"
"211","Andrychów"
"212","Grabowo"
"213","Boćki"
"214","Andrzejewo"
"215","Łomża"
"216","Czerwin"
"217","Brochów"
"218","Kamień"
"219","Urszulin"
"220","Godziszów"
"221","Przyłęk"
"222","Zduńska Wola"
"223","Łubnice"
"224","Biłgoraj"
"225","Muszyna"
"226","Pasłęk"
"227","Chojnice"
"228","Mińsk Mazowiecki"
"229","Kramsk"
"230","Kazimierz Biskupi"
"231","Bobrowo"
"232","Annopol"
"233","Puławy"
"234","Poświętne"
"235","Skaryszew"
"236","Garbatka-Letnisko"
"237","Okonek"
"238","Boniewo"
"239","Nakło nad Notecią"
"240","Stryków"
"241","Wielgomłyny"
"242","Konopnica"
"243","Łanięta"
"244","Dobra"
"245","Sadki"
"246","Sobolew"
"247","Sulmierzyce"
"248","Kraśniczyn"
"249","Trzcinica"
"250","Ostrzeszów"
"251","Dzierzgoń"
"252","Jarocin"
"253","Bedlno"
"254","Lubartów"
"255","Obrzycko"
"256","Popów"
"257","Strachówka"
"258","Błędów"
"259","Przasnysz"
"260","Kock"
"261","Żmudź"
"262","Hrubieszów"
"263","Lisków"
"264","Miejska Górka"
"265","Czerniewice"
"266","Środa Wielkopolska"
"267","Tarnówka"
"268","Regnów"
"269","Czerwonak"
"270","Gruta"
"271","Gąsawa"
"272","Łabiszyn"
"273","Zakrzew"
"274","Piaski"
"275","Konstantynów"
"276","Modliborzyce"
"277","Książ Wielki"
"278","Niegowa"
"279","Banie Mazurskie"
"280","Łyse"
"281","Rozogi"
"282","Olszewo-Borki"
"283","Łopuszno"
"284","Nowa Sucha"
"285","Trzcińsko-Zdrój"
"286","Bierzwnik"
"287","Ostrów Mazowiecka"
"288","Siemiątkowo"
"289","Gozdowo"
"290","Morąg"
"291","Skoki"
"292","Lubasz"
"293","Golub-Dobrzyń"
"294","Bądkowo"
"295","Lubień Kujawski"
"296","Brusy"
"297","Lubaczów"
"298","Ciechanowiec"
"299","Cieszków"
"300","Kostrzyn"
"301","Szczytniki"
"302","Żerków"
"303","Przygodzice"
"304","Prabuty"
"305","Szadek"
"306","Burzenin"
"307","Strzelce Wielkie"
"308","Kołbiel"
"309","Stęszew"
"310","Piaseczno"
"311","Łąck"
"312","Sławno"
"313","Milejów"
"314","Gielniów"
"315","Ciepielów"
"316","Bałtów"
"317","Radomyśl nad Sanem"
"318","Ozimek"
"319","Stara Kamienica"
"320","Kodrąb"
"321","Ostrówek"
"322","Gorzków"
"323","Komarów-Osada"
"324","Krynice"
"325","Krzczonów"
"326","Wysokie"
"327","Zaklików"
"328","Maciejowice"
"329","Brok"
"330","Giżycko"
"331","Orla"
"332","Przystajń"
"333","Podedwórze"
"334","Wiżajny"
"335","Siemiatycze"
"336","Nurzec-Stacja"
"337","Piotrków Kujawski"
"338","Witonia"
"339","Pisz"
"340","Gniew"
"341","Janów"
"342","Barciany"
"343","Drohiczyn"
"344","Płońsk"
"345","Bodzanów"
"346","Radzymin"
"347","Pruszcz Gdański"
"348","Niechanowo"
"349","Bartoszyce"
"350","Miasteczko Krajeńskie"
"351","Waganiec"
"352","Nieborów"
"353","Przedecz"
"354","Ustrzyki Dolne"
"355","Kruszwica"
"356","Zwoleń"
"357","Szamocin"
"358","Nowinka"
"359","Górowo Iławeckie"
"360","Dąbrowice"
"361","Dźwierzuty"
"362","Bielsk Podlaski"
"363","Wielichowo"
"364","Rydzyna"
"365","Kwilcz"
"366","Krajenka"
"367","Brzozie"
"368","Barcin"
"369","Krasne"
"370","Augustów"
"371","Drzewica"
"372","Kowala"
"373","Grabów nad Pilicą"
"374","Rząśnia"
"375","Osieck"
"376","Izbica Kujawska"
"377","Dąbie"
"378","Warta"
"379","Lututów"
"380","Orneta"
"381","Wyrzysk"
"382","Korycin"
"383","Uchanie"
"384","Skrwilno"
"385","Mogilno"
"386","Sejny"
"387","Kobiele Wielkie"
"388","Żukowo"
"389","Rzgów"
"390","Narewka"
"391","Lidzbark Warmiński"
"392","Babiak"
"393","Parczew"
"394","Wadowice"
"395","Czudec"
"396","Trojanów"
"397","Obsza"
"398","Babice"
"399","Oświęcim"
"400","Krzywcza"
"401","Nędza"
"402","Baborów"
"403","Stare Babice"
"404","Tuszów Narodowy"
"405","Kolbudy"
"406","Skępe"
"407","Rościszewo"
"408","Woźniki"
"409","Korsze"
"410","Piecki"
"411","Przybiernów"
"412","Lipsko"
"413","Babimost"
"414","Bełżyce"
"415","Krotoszyce"
"416","Strzałkowo"
"417","Bielice"
"418","Banie"
"419","Choroszcz"
"420","Gołdap"
"421","Mosina"
"422","Olecko"
"423","Pępowo"
"424","Szamotuły"
"425","Baboszewo"
"426","Padew Narodowa"
"427","Ciechanów"
"428","Kruszyna"
"429","Odolanów"
"430","Lubichowo"
"431","Moszczenica"
"432","Jeleniewo"
"433","Lesko"
"434","Suchowola"
"435","Sokółka"
"436","Górzno"
"437","Huszlew"
"438","Sokołów Podlaski"
"439","Ryn"
"440","Zakrzewo"
"441","Dobrzyń nad Wisłą"
"442","Buczek"
"443","Zbiczno"
"444","Spytkowice"
"445","Dynów"
"446","Dubiecko"
"447","Michałowo"
"448","Turośń Kościelna"
"449","Opinogóra Górna"
"450","Zambrów"
"451","Łochów"
"452","Repki"
"453","Wola Mysłowska"
"454","Bochnia"
"455","Budzów"
"456","Choszczno"
"457","Końskie"
"458","Lubiszyn"
"459","Golczewo"
"460","Baćkowice"
"461","Nowy Korczyn"
"462","Odrzywół"
"463","Ostrów Wielkopolski"
"464","Wąsewo"
"465","Sokolniki"
"466","Ustronie Morskie"
"467","Gostycyn"
"468","Mrągowo"
"469","Przytuły"
"470","Wąsosz"
"471","Kuczbork-Osada"
"472","Jaworzyna Śląska"
"473","Tykocin"
"474","Brańszczyk"
"475","Miłomłyn"
"476","Maszewo"
"477","Lipusz"
"478","Czersk"
"479","Polanów"
"480","Rzeczenica"
"481","Biały Bór"
"482","Pruszcz"
"483","Drezdenko"
"484","Jabłonna"
"485","Nowe Miasto Lubawskie"
"486","Śniadowo"
"487","Jaświły"
"488","Zwierzyniec"
"489","Oborniki Śląskie"
"490","Sława"
"491","Świeszyno"
"492","Dąbrowa Białostocka"
"493","Dominowo"
"494","Zalewo"
"495","Wojaszówka"
"496","Kijewo Królewskie"
"497","Krypno"
"498","Srokowo"
"499","Ełk"
"500","Raczki"
"501","Wierzbica"
"502","Skierniewice"
"503","Inowrocław"
"504","Kwidzyn"
"505","Namysłów"
"506","Ciepłowody"
"507","Mokobody"
"508","Mikołajki Pomorskie"
"509","Markusy"
"510","Gnojno"
"511","Janikowo"
"512","Baligród"
"513","Nowogród"
"514","Chrzanów"
"515","Rypin"
"516","Sztabin"
"517","Piątek"
"518","Komańcza"
"519","Ustka"
"520","Stare Juchy"
"521","Limanowa"
"522","Jonkowo"
"523","Ostróda"
"524","Godziesze Wielkie"
"525","Kobyla Góra"
"526","Tczew"
"527","Wielgie"
"528","Purda"
"529","Radków"
"530","Kętrzyn"
"531","Żyrzyn"
"532","Rymanów"
"533","Harasiuki"
"534","Czarnia"
"535","Słupia (Konecka)"
"536","Kolonowskie"
"537","Uście Gorlickie"
"538","Szaflary"
"539","Chojna"
"540","Jastków"
"541","Szydłowiec"
"542","Sochocin"
"543","Siennica Różana"
"544","Firlej"
"545","Mniów"
"546","Karniewo"
"547","Ojrzeń"
"548","Pyzdry"
"549","Juchnowiec Kościelny"
"550","Kąty Wrocławskie"
"551","Milicz"
"552","Santok"
"553","Mikołajki"
"554","Wielbark"
"555","Rutka-Tartak"
"556","Tarnowo Podgórne"
"557","Łubowo"
"558","Baranów"
"559","Chotcza"
"560","Busko-Zdrój"
"561","Skalbmierz"
"562","Baranów Sandomierski"
"563","Pleszew"
"564","Frombork"
"565","Kocmyrzów-Luborzyca"
"566","Świętajno"
"567","Lipno"
"568","Pajęczno"
"569","Skała"
"570","Dorohusk"
"571","Łabunie"
"572","Przemęt"
"573","Starogard Gdański"
"574","Somianka"
"575","Ryjewo"
"576","Stary Sącz"
"577","Dubeninki"
"578","Cedynia"
"579","Zielona Góra"
"580","Słupno"
"581","Dobre Miasto"
"582","Lubanie"
"583","Kępice"
"584","Brzeźnio"
"585","Barczewo"
"586","Szczurowa"
"587","Stare Miasto"
"588","Nekla"
"589","Raków"
"590","Bardo"
"591","Września"
"592","Gietrzwałd"
"593","Dygowo"
"594","Wilczęta"
"595","Krośniewice"
"596","Wicko"
"597","Bargłów Kościelny"
"598","Sośnicowice"
"599","Poczesna"
"600","Torzym"
"601","Kołczygłowy"
"602","Żmigród"
"603","Gryfice"
"604","Człuchów"
"605","Dywity"
"606","Sztum"
"607","Barlinek"
"608","Kurów"
"609","Grzegorzew"
"610","Bobrowice"
"611","Tuchola"
"612","Luzino"
"613","Skórcz"
"614","Warnice"
"615","Drawno"
"616","Będzino"
"617","Kołbaskowo"
"618","Łabowa"
"619","Dębno"
"620","Stawiguda"
"621","Kaliska"
"622","Kozłowo"
"623","Dąbrówno"
"624","Lelkowo"
"625","Jedwabne"
"626","Gródek nad Dunajcem"
"627","Miastkowo"
"628","Gryfino"
"629","Wieliczki"
"630","Zagnańsk"
"631","Dobroszyce"
"632","Lisewo"
"633","Wąwolnica"
"634","Osięciny"
"635","Sękowa"
"636","Nowa Ruda"
"637","Bartniczka"
"638","Kiwity"
"639","Lipsk"
"640","Brodnica"
"641","Obryte"
"642","Jastrzębia"
"643","Tczów"
"644","Niechlów"
"645","Wągrowiec"
"646","Masłowice"
"647","Malechowo"
"648","Jutrosin"
"649","Płużnica"
"650","Police"
"651","Nidzica"
"652","Borów"
"653","Nowa Słupia"
"654","Legnickie Pole"
"655","Strzegom"
"656","Leśna"
"657","Żabia Wola"
"658","Rzeczyca"
"659","Stara Kiszewa"
"660","Baruchowo"
"661","Jemielnica"
"662","Kalwaria Zebrzydowska"
"663","Barwice"
"664","Przodkowo"
"665","Radziłów"
"666","Dukla"
"667","Domaradz"
"668","Stubno"
"669","Mściwojów"
"670","Dobroń"
"671","Żytno"
"672","Niebylec"
"673","Stargard Szczeciński"
"674","Darłowo"
"675","Stawiski"
"676","Rychliki"
"677","Józefów nad Wisłą"
"678","Niemce"
"679","Zduny"
"680","Krotoszyn"
"681","Sypniewo"
"682","Lipka"
"683","Zielonki"
"684","Lipiany"
"685","Żurawica"
"686","Rąbino"
"687","Parchowo"
"688","Szelków"
"689","Rybczewice"
"690","Łoniów"
"691","Łęczyca"
"692","Goleszów"
"693","Zarszyn"
"694","Kluczbork"
"695","Oborniki"
"696","Gniewkowo"
"697","Sierakowice"
"698","Kartuzy"
"699","Nawojowa"
"700","Skołyszyn"
"701","Brzostek"
"702","Skarszewy"
"703","Goleniów"
"704","Poniec"
"705","Wysoka"
"706","Gardeja"
"707","Sońsk"
"708","Płoty"
"709","Brudzeń Duży"
"710","Goszczyn"
"711","Jerzmanowa"
"712","Lubowidz"
"713","Tuszyn"
"714","Kcynia"
"715","Wieczfnia Kościelna"
"716","Kobierzyce"
"717","Ręczno"
"718","Świerczów"
"719","Grabica"
"720","Trzebielino"
"721","Warlubie"
"722","Dąbrowa Biskupia"
"723","Rusinów"
"724","Orońsko"
"725","Strumień"
"726","Grodków"
"727","Długołęka"
"728","Międzybórz"
"729","Nowa Wieś Lęborska"
"730","Włoszczowa"
"731","Drzycim"
"732","Radzyń Podlaski"
"733","Świdwin"
"734","Lipinki"
"735","Pobiedziska"
"736","Szczerców"
"737","Dębowa Kłoda"
"738","Gzy"
"739","Olszanka"
"740","Bejsce"
"741","Gierałtowice"
"742","Zapolice"
"743","Siedlec"
"744","Dziemiany"
"745","Bieliny"
"746","Jeżewo"
"747","Sompolno"
"748","Biała Piska"
"749","Czemierniki"
"750","Bojadła"
"751","Łobez"
"752","Wleń"
"753","Rajgród"
"754","Żegocina"
"755","Nowe Miasto nad Pilicą"
"756","Imielno"
"757","Czerwionka-Leszczyny"
"758","Gorzyce"
"759","Przemyśl"
"760","Bełżec"
"761","Braniewo"
"762","Kamień Pomorski"
"763","Słupca"
"764","Lutowiska"
"765","Osieczna"
"766","Kobylin"
"767","Niedźwiada"
"768","Kiełczygłów"
"769","Krynica-Zdrój"
"770","Grabowiec"
"771","Międzyrzec Podlaski"
"772","Solina"
"773","Zalesie"
"774","Czeremcha"
"775","Horodło"
"776","Wydminy"
"777","Kiszkowo"
"778","Jeziora Wielkie"
"779","Głubczyce"
"780","Czernikowo"
"781","Gowarczów"
"782","Besko"
"783","Bestwina"
"784","Siennica"
"785","Koprzywnica"
"786","Naruszewo"
"787","Czempiń"
"788","Reszel"
"789","Resko"
"790","Ceków-Kolonia"
"791","Władysławów"
"792","Kołobrzeg"
"793","Dobra (Szczecińska)"
"794","Wohyń"
"795","Przysucha"
"796","Wielka Wieś"
"797","Rymań"
"798","Radzanów"
"799","Myślenice"
"800","Górno"
"801","Urzędów"
"802","Brzeźnica"
"803","Szczuczyn"
"804","Pełczyce"
"805","Szemud"
"806","Sobótka"
"807","Trzebnica"
"808","Będków"
"809","Wierzchowo"
"810","Nowa Karczma"
"811","Kościerzyna"
"812","Czerwieńsk"
"813","Koluszki"
"814","Czarnocin"
"815","Główczyce"
"816","Kawęczyn"
"817","Sędziszów Małopolski"
"818","Iwierzyce"
"819","Świerzno"
"820","Czchów"
"821","Będzin"
"822","Złotniki Kujawskie"
"823","Żuromin"
"824","Wieleń"
"825","Kolno"
"826","Łubniany"
"827","Łęka Opatowska"
"828","Galewice"
"829","Wojnicz"
"830","Kowale Oleckie"
"831","Stara Biała"
"832","Tarnów"
"833","Biała"
"834","Marcinowice"
"835","Chojnów"
"836","Trzcianka"
"837","Dobrzany"
"838","Miastko"
"839","Wejherowo"
"840","Kłobuck"
"841","Kroczyce"
"842","Janów Lubelski"
"843","Lubawa"
"844","Stromiec"
"845","Dobryszyce"
"846","Wartkowice"
"847","Tolkmicko"
"848","Grybów"
"849","Nysa"
"850","Rychwał"
"851","Biała Podlaska"
"852","Kleszczele"
"853","Lelów"
"854","Suwałki"
"855","Bystrzyca Kłodzka"
"856","Lubomino"
"857","Zblewo"
"858","Białaczów"
"859","Grajewo"
"860","Borzechów"
"861","Łososina Dolna"
"862","Chrzypsko Wielkie"
"863","Witnica"
"864","Pieniężno"
"865","Szczecinek"
"866","Koronowo"
"867","Białe Błota"
"868","Bobrowniki"
"869","Dąbrowa"
"870","Winnica"
"871","Sierpc"
"872","Miłosław"
"873","Boguty-Pianki"
"874","Gorzkowice"
"875","Murowana Goślina"
"876","Czarnków"
"877","Łukta"
"878","Krasnystaw"
"879","Maków Podhalański"
"880","Błażowa"
"881","Bukowina Tatrzańska"
"882","Tłuszcz"
"883","Siedlce"
"884","Sadlinki"
"885","Ułęż"
"886","Radzanowo"
"887","Miękinia"
"888","Lubsko"
"889","Cybinka"
"890","Kościelec"
"891","Deszczno"
"892","Gizałki"
"893","Świecie nad Osą"
"894","Gać"
"895","Stopnica"
"896","Sterdyń"
"897","Zamość"
"898","Białobrzegi"
"899","Kondratowice"
"900","Rogóźno"
"901","Białogard"
"902","Krynki"
"903","Krokowa"
"904","Zgorzelec"
"905","Siemyśl"
"906","Pęcław"
"907","Białopole"
"908","Bogatynia"
"909","Goniądz"
"910","Białośliwie"
"911","Nowogród Bobrzański"
"912","Pułtusk"
"913","Białowieża"
"914","Kamiennik"
"915","Mrocza"
"916","Opole Lubelskie"
"917","Żnin"
"918","Stara Dąbrowa"
"919","Myszyniec"
"920","Błonie"
"921","Leszno"
"922","Iłowo-Osada"
"923","Przecław"
"924","Grudziądz"
"925","Biały Dunajec"
"926","Koźmin Wielkopolski"
"927","Strzelin"
"928","Prażmów"
"929","Szudziałowo"
"930","Sławoborze"
"931","Kalisz Pomorski"
"932","Pakosław"
"933","Głuchów"
"934","Białystok"
"935","Dołhobyczów"
"936","Sieroszewice"
"937","Malanów"
"938","Secemin"
"939","Chełmiec"
"940","Wojciechowice"
"941","Choczewo"
"942","Kunów"
"943","Pacanów"
"944","Pakosławice"
"945","Biecz"
"946","Trzebiatów"
"947","Leżajsk"
"948","Węgorzewo"
"949","Dolsk"
"950","Suchy Las"
"951","Polkowice"
"952","Głogówek"
"953","Olszyna"
"954","Żary"
"955","Ożarów"
"956","Działoszyce"
"957","Raszków"
"958","Kołaczkowo"
"959","Radziejów"
"960","Jaktorów"
"961","Łobżenica"
"962","Bisztynek"
"963","Świerzawa"
"964","Małkinia Górna"
"965","Wilczyn"
"966","Raba Wyżna"
"967","Gorlice"
"968","Lwówek Śląski"
"969","Raciąż"
"970","Łomazy"
"971","Kęty"
"972","Wądroże Wielkie"
"973","Serokomla"
"974","Bielany"
"975","Konstancin-Jeziorna"
"976","Bielawa"
"977","Złotów"
"978","Pieńsk"
"979","Pelplin"
"980","Wąpielsk"
"981","Bielawy"
"982","Glinojeck"
"983","Szreńsk"
"984","Janowiec Kościelny"
"985","Granowo"
"986","Kłecko"
"987","Gołuchów"
"988","Śmigiel"
"989","Krzemieniewo"
"990","Siedlisko"
"991","Janowiec Wielkopolski"
"992","Świnice Warckie"
"993","Pogorzela"
"994","Borzęcin"
"995","Chełmża"
"996","Fajsławice"
"997","Morawica"
"998","Jaraczewo"
"999","Ostroróg"
"1000","Trzciel"
"1001","Gródek"
"1002","Krzywiń"
"1003","Godkowo"
"1004","Łambinowice"
"1005","Stronie Śląskie"
"1006","Kożuchów"
"1007","Brojce"
"1008","Moryń"
"1009","Ulanów"
"1010","Rząśnik"
"1011","Kampinos"
"1012","Jemielno"
"1013","Topólka"
"1014","Kobylanka"
"1015","Sianów"
"1016","Jasienica"
"1017","Pilzno"
"1018","Krosno Odrzańskie"
"1019","Bielsk"
"1020","Morzeszczyn"
"1021","Kowalewo Pomorskie"
"1022","Miłki"
"1023","Karczmiska"
"1024","Orchowo"
"1025","Bielsko-Biała"
"1026","Hajnówka"
"1027","Milejczyce"
"1028","Zbójna"
"1029","Miłakowo"
"1030","Sidra"
"1031","Gręboszów"
"1032","Wieluń"
"1033","Nowogard"
"1034","Nowogrodziec"
"1035","Pątnów"
"1036","Wolanów"
"1037","Nowy Dwór"
"1038","Kunice"
"1039","Dobczyce"
"1040","Drwinia"
"1041","Krzyżanowice"
"1042","Chełmno"
"1043","Bierawa"
"1044","Pszczew"
"1045","Turawa"
"1046","Kłodzko"
"1047","Słupsk"
"1048","Łodygowice"
"1049","Sulików"
"1050","Ziębice"
"1051","Czarne"
"1052","Kórnik"
"1053","Żelazków"
"1054","Szprotawa"
"1055","Łosice"
"1056","Jasło"
"1057","Sułkowice"
"1058","Bieruń"
"1059","Bierutów"
"1060","Jedlińsk"
"1061","Łubianka"
"1062","Brudzew"
"1063","Skarbimierz"
"1064","Kłodawa"
"1065","Gnojnik"
"1066","Złoczew"
"1067","Biesiekierz"
"1068","Łużna"
"1069","Siechnice"
"1070","Cekcyn"
"1071","Jasień"
"1072","Mirów"
"1073","Trzemeszno"
"1074","Zakliczyn"
"1075","Wronki"
"1076","Kołaczyce"
"1077","Wręczyca Wielka"
"1078","Gubin"
"1079","Damnica"
"1080","Wielkie Oczy"
"1081","Grójec"
"1082","Obrazów"
"1083","Gdów"
"1084","Sędziejowice"
"1085","Sarnaki"
"1086","Konarzyny"
"1087","Rzewnie"
"1088","Śrem"
"1089","Stare Czarnowo"
"1090","Koniusza"
"1091","Bircza"
"1092","Brwinów"
"1093","Drobin"
"1094","Trawniki"
"1095","Sadowie"
"1096","Złota"
"1097","Biskupice"
"1098","Iwanowice"
"1099","Koszyce"
"1100","Miechów"
"1101","Olsztyn"
"1102","Pilica"
"1103","Byczyna"
"1104","Radłów"
"1105","Jordanów Śląski"
"1106","Wisznia Mała"
"1107","Syców"
"1108","Nowe Skalmierzyce"
"1109","Blizanów"
"1110","Sieradz"
"1111","Jelcz-Laskowice"
"1112","Mikstat"
"1113","Kisielice"
"1114","Ślesin"
"1115","Wólka"
"1116","Głuchołazy"
"1117","Ryglice"
"1118","Biszcza"
"1119","Sobków"
"1120","Blachownia"
"1121","Bledzew"
"1122","Przerośl"
"1123","Bulkowo"
"1124","Szastarka"
"1125","Branice"
"1126","Książki"
"1127","Wola Krzysztoporska"
"1128","Ostrów"
"1129","Jasienica Rosielna"
"1130","Jeziorzany"
"1131","Wróblew"
"1132","Bliżyn"
"1133","Dobrodzień"
"1134","Skoczów"
"1135","Miedzichowo"
"1136","Strzelno"
"1137","Wielowieś"
"1138","Cisek"
"1139","Lubawka"
"1140","Brzyska"
"1141","Puck"
"1142","Lniano"
"1143","Złocieniec"
"1144","Osiek"
"1145","Chmielnik"
"1146","Świlcza"
"1147","Pomiechówek"
"1148","Chąśno"
"1149","Mniszków"
"1150","Radziemice"
"1151","Zakroczym"
"1152","Oksa"
"1153","Dzierzążnia"
"1154","Janów Podlaski"
"1155","Skąpe"
"1156","Lubsza"
"1157","Brąszewice"
"1158","Zławieś Wielka"
"1159","Stoczek"
"1160","Bobolice"
"1161","Trąbki Wielkie"
"1162","Złoty Stok"
"1163","Stare Kurowo"
"1164","Gronowo Elbląskie"
"1165","Strzelce Opolskie"
"1166","Cedry Wielkie"
"1167","Zwierzyn"
"1168","Sieraków"
"1169","Unisław"
"1170","Młynary"
"1171","Łyszkowice"
"1172","Proszowice"
"1173","Płoniawy-Bramura"
"1174","Izbica"
"1175","Ząbkowice Śląskie"
"1176","Debrzno"
"1177","Międzylesie"
"1178","Bobowa"
"1179","Międzyrzecz"
"1180","Markuszów"
"1181","Bobowo"
"1182","Chełmek"
"1183","Żyraków"
"1184","Rudniki"
"1185","Smętowo Graniczne"
"1186","Ryki"
"1187","Kluczewsko"
"1188","Grabów nad Prosną"
"1189","Otyń"
"1190","Chociwel"
"1191","Działoszyn"
"1192","Wierzchosławice"
"1193","Żabno"
"1194","Mysłakowice"
"1195","Miłkowice"
"1196","Laszki"
"1197","Strzelce Krajeńskie"
"1198","Prostki"
"1199","Miedziana Góra"
"1200","Małomice"
"1201","Małogoszcz"
"1202","Radomin"
"1203","Łowicz"
"1204","Nowe"
"1205","Kazimierz Dolny"
"1206","Nałęczów"
"1207","Czarna Dąbrówka"
"1208","Zelów"
"1209","Kocierzew Południowy"
"1210","Łapanów"
"1211","Kruklanki"
"1212","Szczebrzeszyn"
"1213","Iwaniska"
"1214","Choceń"
"1215","Bodzechów"
"1216","Bodzentyn"
"1217","Osina"
"1218","Irządze"
"1219","Bytom Odrzański"
"1220","Męcinka"
"1221","Trzebiel"
"1222","Sośnie"
"1223","Bogdaniec"
"1224","Łasin"
"1225","Gołańcz"
"1226","Kozłów"
"1227","Kostomłoty"
"1228","Koźminek"
"1229","Tokarnia"
"1230","Nowosolna"
"1231","Chodecz"
"1232","Ciężkowice"
"1233","Bogoria"
"1234","Boguchwała"
"1235","Mierzęcice"
"1236","Trzeszczany"
"1237","Garbów"
"1238","Swarzędz"
"1239","Fabianki"
"1240","Klucze"
"1241","Olkusz"
"1242","Budry"
"1243","Żórawina"
"1244","Wiśniewo"
"1245","Oleśnica"
"1246","Kowal"
"1247","Krzykosy"
"1248","Rawa Mazowiecka"
"1249","Kamionka Wielka"
"1250","Wyszki"
"1251","Lutocin"
"1252","Mońki"
"1253","Trzcianne"
"1254","Wizna"
"1255","Boguszów-Gorce"
"1256","Gniewoszów"
"1257","Toszek"
"1258","Prószków"
"1259","Wierzbinek"
"1260","Dolice"
"1261","Krzęcin"
"1262","Dębnica Kaszubska"
"1263","Włoszakowice"
"1264","Dobrzyniewo Duże"
"1265","Terespol"
"1266","Sosnowica"
"1267","Solec nad Wisłą"
"1268","Świdnica"
"1269","Bojanowo"
"1270","Dragacz"
"1271","Bojanów"
"1272","Krzanowice"
"1273","Skomlin"
"1274","Raciechowice"
"1275","Sadowne"
"1276","Bojszowy"
"1277","Rudziniec"
"1278","Tuczna"
"1279","Łapy"
"1280","Waśniów"
"1281","Puńsk"
"1282","Lubin"
"1283","Sitkówka-Nowiny"
"1284","Oława"
"1285","Ostrowice"
"1286","Bolesław"
"1287","Bolesławiec"
"1288","Kobylnica"
"1289","Serock"
"1290","Wiązowna"
"1291","Borek Wielkopolski"
"1292","Boleszkowice"
"1293","Grzmiąca"
"1294","Grodziczno"
"1295","Stupsk"
"1296","Borkowice"
"1297","Trzebinia"
"1298","Bolimów"
"1299","Wyszogród"
"1300","Paszowice"
"1301","Widuchowa"
"1302","Połczyn-Zdrój"
"1303","Bolków"
"1304","Chęciny"
"1305","Pałecznica"
"1306","Dąbrowa Chełmińska"
"1307","Słupia"
"1308","Strzyżów"
"1309","Kościan"
"1310","Manowo"
"1311","Zbrosławice"
"1312","Szczekociny"
"1313","Warka"
"1314","Wołów"
"1315","Chłopice"
"1316","Rzekuń"
"1317","Oleszyce"
"1318","Rzeczniów"
"1319","Somonino"
"1320","Kije"
"1321","Rossosz"
"1322","Osiek Mały"
"1323","Ruciane-Nida"
"1324","Rzezawa"
"1325","Grębów"
"1326","Krapkowice"
"1327","Korfantów"
"1328","Trzebiechów"
"1329","Głogów"
"1330","Stanisławów"
"1331","Sulęczyno"
"1332","Kępno"
"1333","Tyczyn"
"1334","Skawina"
"1335","Lichnowy"
"1336","Ćmielów"
"1337","Mrozy"
"1338","Goworowo"
"1339","Wodynie"
"1340","Nowodwór"
"1341","Gąbin"
"1342","Borki"
"1343","Księżpol"
"1344","Jędrzejów"
"1345","Szczucin"
"1346","Dobrzeń Wielki"
"1347","Dmosin"
"1348","Gidle"
"1349","Siemkowice"
"1350","Pęczniew"
"1351","Lasowice Wielkie"
"1352","Suchożebry"
"1353","Osjaków"
"1354","Wiśniew"
"1355","Zbuczyn"
"1356","Lewin Brzeski"
"1357","Dłutów"
"1358","Strzyżewice"
"1359","Niedrzwica Duża"
"1360","Radowo Małe"
"1361","Czernice Borowe"
"1362","Borne Sulinowo"
"1363","Kazimierza Wielka"
"1364","Boronów"
"1365","Skórzec"
"1366","Czarna"
"1367","Borowa"
"1368","Miedźno"
"1369","Przedbórz"
"1370","Klwów"
"1371","Dąbrowa Zielona"
"1372","Mogielnica"
"1373","Lipowiec Kościelny"
"1374","Sorkwity"
"1375","Iłowa"
"1376","Krzynowłoga Mała"
"1377","Łopiennik Górny"
"1378","Podgórzyn"
"1379","Borowie"
"1380","Tarczyn"
"1381","Łukowa"
"1382","Krasocin"
"1383","Gomunice"
"1384","Stary Zamość"
"1385","Józefów"
"1386","Przywidz"
"1387","Kluki"
"1388","Rogowo"
"1389","Tłuchowo"
"1390","Bytoń"
"1391","Lipnica"
"1392","Kazanów"
"1393","Prusice"
"1394","Dobromierz"
"1395","Opatówek"
"1396","Świebodzin"
"1397","Nowe Miasteczko"
"1398","Latowicz"
"1399","Ostrowite"
"1400","Gromadka"
"1401","Sośno"
"1402","Lipnica Murowana"
"1403","Czarny Bór"
"1404","Zatory"
"1405","Kowiesy"
"1406","Góra"
"1407","Ryczywół"
"1408","Kłoczew"
"1409","Stężyca"
"1410","Nowy Tomyśl"
"1411","Tworóg"
"1412","Połajewo"
"1413","Lipinki Łużyckie"
"1414","Bytów"
"1415","Izbicko"
"1416","Lubrza"
"1417","Sępopol"
"1418","Mieleszyn"
"1419","Mała Wieś"
"1420","Chmielno"
"1421","Liw"
"1422","Mietków"
"1423","Perlejewo"
"1424","Kalinowo"
"1425","Tychowo"
"1426","Pawłowiczki"
"1427","Borzytuchom"
"1428","Wolbrom"
"1429","Mielec"
"1430","Żarów"
"1431","Osielsko"
"1432","Łęczyce"
"1433","Wilczyce"
"1434","Żagań"
"1435","Sitno"
"1436","Dwikozy"
"1437","Zaniemyśl"
"1438","Chorkówka"
"1439","Kańczuga"
"1440","Ostrów Lubelski"
"1441","Słupia (Jędrzejowska)"
"1442","Dębica"
"1443","Łaziska"
"1444","Gniezno"
"1445","Jedwabno"
"1446","Bralin"
"1447","Bukowiec"
"1448","Pysznica"
"1449","Dzwola"
"1450","Brańsk"
"1451","Herby"
"1452","Kurzętnik"
"1453","Żelechlinek"
"1454","Brenna"
"1455","Ruja"
"1456","Złotoryja"
"1457","Wijewo"
"1458","Lisia Góra"
"1459","Czermin"
"1460","Dąbrowa Tarnowska"
"1461","Zagrodno"
"1462","Czaplinek"
"1463","Kaczory"
"1464","Kiernozia"
"1465","Świedziebnia"
"1466","Środa Śląska"
"1467","Twardogóra"
"1468","Rudna"
"1469","Świercze"
"1470","Pierzchnica"
"1471","Lwówek"
"1472","Sulechów"
"1473","Wysokie Mazowieckie"
"1474","Sadkowice"
"1475","Stegna"
"1476","Zbąszynek"
"1477","Mirosławiec"
"1478","Wierzchlas"
"1479","Ujście"
"1480","Tarłów"
"1481","Ożarów Mazowiecki"
"1482","Otmuchów"
"1483","Osiecznica"
"1484","Czechowice-Dziedzice"
"1485","Krzyżanów"
"1486","Słomniki"
"1487","Walce"
"1488","Rojewo"
"1489","Lubiewo"
"1490","Wieniawa"
"1491","Chocz"
"1492","Suchań"
"1493","Szczaniec"
"1494","Lgota Wielka"
"1495","Siewierz"
"1496","Szulborze Wielkie"
"1497","Czyżew-Osada"
"1498","Chocianów"
"1499","Wołczyn"
"1500","Koszęcin"
"1501","Sokoły"
"1502","Nowy Duninów"
"1503","Krasiczyn"
"1504","Wiązów"
"1505","Piekoszów"
"1506","Jeżów"
"1507","Nagłowice"
"1508","Daleszyce"
"1509","Wielka Nieszawka"
"1510","Brzeg"
"1511","Brzeg Dolny"
"1512","Żukowice"
"1513","Miastków Kościelny"
"1514","Wieliczka"
"1515","Krzyż Wielkopolski"
"1516","Budzyń"
"1517","Brzesko"
"1518","Pyrzyce"
"1519","Brzeszcze"
"1520","Janowiec"
"1521","Wodzisław"
"1522","Kłaj"
"1523","Wiślica"
"1524","Perzów"
"1525","Drużbice"
"1526","Domaniów"
"1527","Mirsk"
"1528","Karczew"
"1529","Lubicz"
"1530","Halinów"
"1531","Komarówka Podlaska"
"1532","Szydłów"
"1533","Wielopole Skrzyńskie"
"1534","Koziegłowy"
"1535","Żarnowiec"
"1536","Skoroszyce"
"1537","Osie"
"1538","Mokrsko"
"1539","Uniejów"
"1540","Dziadkowice"
"1541","Podegrodzie"
"1542","Kaźmierz"
"1543","Nowy Żmigród"
"1544","Hyżne"
"1545","Tarnowiec"
"1546","Ropczyce"
"1547","Hażlach"
"1548","Pszczyna"
"1549","Węgorzyno"
"1550","Człopa"
"1551","Rudnik"
"1552","Jastrowie"
"1553","Świątki"
"1554","Sulęcin"
"1555","Karlino"
"1556","Koneck"
"1557","Śliwice"
"1558","Brzeżno"
"1559","Liniewo"
"1560","Niemodlin"
"1561","Psary"
"1562","Majdan Królewski"
"1563","Krośnice"
"1564","Serniki"
"1565","Duszniki"
"1566","Nowa Wieś Wielka"
"1567","Kadzidło"
"1568","Wilków"
"1569","Połaniec"
"1570","Gromnik"
"1571","Kąkolewnica Wschodnia"
"1572","Dubienka"
"1573","Dzierzgowo"
"1574","Brzozów"
"1575","Tuczępy"
"1576","Stary Targ"
"1577","Obrowo"
"1578","Cielądz"
"1579","Jasionówka"
"1580","Czarna Białostocka"
"1581","Książ Wielkopolski"
"1582","Żołynia"
"1583","Nowe Warpno"
"1584","Nowy Staw"
"1585","Czarny Dunajec"
"1586","Inowłódz"
"1587","Subkowy"
"1588","Radziechowy-Wieprz"
"1589","Brzuze"
"1590","Mogilany"
"1591","Widawa"
"1592","Łącko"
"1593","Kuryłówka"
"1594","Mstów"
"1595","Gawłuszowice"
"1596","Tuchów"
"1597","Grębocice"
"1598","Przewóz"
"1599","Buczkowice"
"1600","Nowa Sól"
"1601","Radwanice"
"1602","Bytnica"
"1603","Zawonia"
"1604","Krzywda"
"1605","Teresin"
"1606","Małdyty"
"1607","Rozdrażew"
"1608","Pokrzywnica"
"1609","Piątnica"
"1610","Szydłowo"
"1611","Głogów Małopolski"
"1612","Zawidz"
"1613","Gózd"
"1614","Jednorożec"
"1615","Garwolin"
"1616","Mały Płock"
"1617","Ulhówek"
"1618","Mieścisko"
"1619","Stepnica"
"1620","Słońsk"
"1621","Kuźnia Raciborska"
"1622","Zaręby Kościelne"
"1623","Stary Lubotyń"
"1624","Gorzów Śląski"
"1625","Stoszowice"
"1626","Liszki"
"1627","Radymno"
"1628","Kleszczewo"
"1629","Margonin"
"1630","Wąbrzeźno"
"1631","Czyże"
"1632","Porąbka"
"1633","Jabłonna Lacka"
"1634","Cisna"
"1635","Buk"
"1636","Niegosławice"
"1637","Leśna Podlaska"
"1638","Korzenna"
"1639","Kolbuszowa"
"1640","Cewice"
"1641","Tereszpol"
"1642","Krobia"
"1643","Bukowno"
"1644","Murów"
"1645","Hańsk"
"1646","Bukowsko"
"1647","Haczów"
"1648","Lubomia"
"1649","Czerniejewo"
"1650","Działdowo"
"1651","Wojcieszków"
"1652","Poronin"
"1653","Ścinawa"
"1654","Skulsk"
"1655","Słaboszów"
"1656","Korczew"
"1657","Bychawa"
"1658","Pabianice"
"1659","Gniewino"
"1660","Kamieniec Ząbkowicki"
"1661","Godzianów"
"1662","Bydgoszcz"
"1663","Sanok"
"1664","Postomino"
"1665","Przelewice"
"1666","Bystra-Sidzina"
"1667","Wilkowice"
"1668","Krzeszów"
"1669","Roźwienica"
"1670","Miłoradz"
"1671","Zakrzówek"
"1672","Rokietnica"
"1673","Reńska Wieś"
"1674","Bytom"
"1675","Wola Uhruska"
"1676","Nowe Ostrowy"
"1677","Kotla"
"1678","Cegłów"
"1679","Tomaszów Mazowiecki"
"1680","Wilga"
"1681","Celestynów"
"1682","Trzebieszów"
"1683","Ożarowice"
"1684","Stolno"
"1685","Karnice"
"1686","Wiązownica"
"1687","Stary Dzików"
"1688","Rabka-Zdrój"
"1689","Dąbrówka"
"1690","Przeworsk"
"1691","Opatowiec"
"1692","Spiczyn"
"1693","Charsznica"
"1694","Moskorzew"
"1695","Chełm"
"1696","Malczyce"
"1697","Chełm Śląski"
"1698","Tuplice"
"1699","Przytoczna"
"1700","Myślibórz"
"1701","Recz"
"1702","Drawsko"
"1703","Różan"
"1704","Solec-Zdrój"
"1705","Jedlicze"
"1706","Lipce Reymontowskie"
"1707","Narol"
"1708","Potęgowo"
"1709","Goszczanów"
"1710","Witkowo"
"1711","Frampol"
"1712","Platerów"
"1713","Mielno"
"1714","Lubomierz"
"1715","Sicienko"
"1716","Sabnie"
"1717","Sępólno Krajeńskie"
"1718","Komprachcice"
"1719","Wieruszów"
"1720","Niepołomice"
"1721","Knyszyn"
"1722","Nowogródek Pomorski"
"1723","Szczytna"
"1724","Prudnik"
"1725","Czerwińsk nad Wisłą"
"1726","Grodzisko Dolne"
"1727","Jarczów"
"1728","Chodzież"
"1729","Parysów"
"1730","Kulesze Kościelne"
"1731","Solec Kujawski"
"1732","Jeżowe"
"1733","Kołaki Kościelne"
"1734","Komorniki"
"1735","Dobiegniew"
"1736","Tomaszów Lubelski"
"1737","Czastary"
"1738","Poraj"
"1739","Gogolin"
"1740","Chorzów"
"1741","Cieszanów"
"1742","Piszczac"
"1743","Zawichost"
"1744","Kuślin"
"1745","Ruda-Huta"
"1746","Nowy Wiśnicz"
"1747","Jeżów Sudecki"
"1748","Zbąszyń"
"1749","Kietrz"
"1750","Łazy"
"1751","Stara Błotnica"
"1752","Płoskinia"
"1753","Świecie"
"1754","Końskowola"
"1755","Czernica"
"1756","Chrząstowice"
"1757","Wałcz"
"1758","Niemcza"
"1759","Kargowa"
"1760","Stare Bogaczowice"
"1761","Chybie"
"1762","Wolin"
"1763","Górzyca"
"1764","Jabłonka"
"1765","Drawsko Pomorskie"
"1766","Ciasna"
"1767","Supraśl"
"1768","Lądek"
"1769","Zawady"
"1770","Prochowice"
"1771","Milanów"
"1772","Łęczna"
"1773","Marciszów"
"1774","Ciechocin"
"1775","Ciechocinek"
"1776","Dębowiec"
"1777","Ruda Maleniecka"
"1778","Rokitno"
"1779","Kikół"
"1780","Orły"
"1781","Ińsko"
"1782","Tuchomie"
"1783","Przeworno"
"1784","Przesmyki"
"1785","Pawłosiów"
"1786","Cieszyn"
"1787","Frysztak"
"1788","Węgierska Górka"
"1789","Wołomin"
"1790","Polska Cerekiew"
"1791","Susiec"
"1792","Leoncin"
"1793","Malbork"
"1794","Cmolas"
"1795","Wisznice"
"1796","Nowy Dwór Gdański"
"1797","Wojciechów"
"1798","Kamieniec"
"1799","Zembrzyce"
"1800","Domanice"
"1801","Kamienna Góra"
"1802","Czajków"
"1803","Staszów"
"1804","Pielgrzymka"
"1805","Szczytno"
"1806","Zabór"
"1807","Studzienice"
"1808","Czarna Woda"
"1809","Marianowo"
"1810","Leśnica"
"1811","Wojsławice"
"1812","Korczyna"
"1813","Paprotnia"
"1814","Kozielice"
"1815","Czarnożyły"
"1816","Dobrzyca"
"1817","Ludwin"
"1818","Radecznica"
"1819","Miączyn"
"1820","Tyszowce"
"1821","Łagów"
"1822","Zagórz"
"1823","Żarki"
"1824","Stara Kornica"
"1825","Siepraw"
"1826","Dubicze Cerkiewne"
"1827","Radzyń Chełmiński"
"1828","Osiek Jasielski"
"1829","Czeladź"
"1830","Mieszkowice"
"1831","Mordy"
"1832","Sosnówka"
"1833","Sieniawa"
"1834","Jaśliska"
"1835","Łaszczów"
"1836","Wschowa"
"1837","Szerzyny"
"1838","Krzeszowice"
"1839","Gaszowice"
"1840","Czernichów"
"1841","Turobin"
"1842","Łączna"
"1843","Węgliniec"
"1844","Częstochowa"
"1845","Smołdzino"
"1846","Rutki"
"1847","Czorsztyn"
"1848","Jerzmanowice-Przeginia"
"1849","Opalenica"
"1850","Dziadowa Kłoda"
"1851","Gaworzyce"
"1852","Zdzieszowice"
"1853","Płaska"
"1854","Damasławek"
"1855","Udanin"
"1856","Wilamowice"
"1857","Krzepice"
"1858","Hanna"
"1859","Lewin Kłodzki"
"1860","Gościno"
"1861","Rychtal"
"1862","Daszyna"
"1863","Raszyn"
"1864","Jabłoń"
"1865","Radomyśl Wielki"
"1866","Łomianki"
"1867","Dopiewo"
"1868","Kamień Krajeński"
"1869","Przechlewo"
"1870","Potworów"
"1871","Dąbrowa Górnicza"
"1872","Tarnawatka"
"1873","Poniatowa"
"1874","Kraśnik"
"1875","Szepietowo"
"1876","Potok Wielki"
"1877","Maków"
"1878","Grunwald"
"1879","Potok Górny"
"1880","Stryszów"
"1881","Rawicz"
"1882","Pokój"
"1883","Raciążek"
"1884","Pleśna"
"1885","Wasilków"
"1886","Wietrzychowice"
"1887","Jeziorany"
"1888","Wyszków"
"1889","Sułów"
"1890","Nielisz"
"1891","Przytyk"
"1892","Stary Brus"
"1893","Dzierzkowice"
"1894","Dęblin"
"1895","Nowy Targ"
"1896","Kosakowo"
"1897","Jodłowa"
"1898","Dębowa Łąka"
"1899","Skierbieszów"
"1900","Lubycza Królewska"
"1901","Stawiszyn"
"1902","Święciechowa"
"1903","Młynarze"
"1904","Klembów"
"1905","Strzeleczki"
"1906","Igołomia-Wawrzeńczyce"
"1907","Kodeń"
"1908","Iwkowa"
"1909","Dzierżoniów"
"1910","Skwierzyna"
"1911","Oporów"
"1912","Suraż"
"1913","Domaniewice"
"1914","Ulan-Majorat"
"1915","Domaszowice"
"1916","Krasnobród"
"1917","Mełgiew"
"1918","Doruchów"
"1919","Racławice"
"1920","Iława"
"1921","Pawonków"
"1922","Kochanowice"
"1923","Uścimów"
"1924","Tuliszków"
"1925","Szlichtyngowa"
"1926","Rzepin"
"1927","Nowa Brzeźnica"
"1928","Papowo Biskupie"
"1929","Duszniki-Zdrój"
"1930","Telatyn"
"1931","Pasym"
"1932","Dydnia"
"1933","Pozezdrze"
"1934","Kościelisko"
"1935","Pakość"
"1936","Sobienie-Jeziory"
"1937","Walim"
"1938","Horyniec-Zdrój"
"1939","Paczków"
"1940","Dzikowiec"
"1941","Dziwnów"
"1942","Wilkołaz"
"1943","Załuski"
"1944","Rachanie"
"1945","Łapsze Niżne"
"1946","Radoszyce"
"1947","Jordanów"
"1948","Kobylin-Borzymy"
"1949","Miedźna"
"1950","Wieprz"
"1951","Ogrodzieniec"
"1952","Mirzec"
"1953","Lesznowola"
"1954","Gołymin-Ośrodek"
"1955","Jastrząb"
"1956","Żelechów"
"1957","Gdańsk"
"1958","Gdynia"
"1959","Gilowice"
"1960","Trzyciąż"
"1961","Wiśniowa"
"1962","Ujsoły"
"1963","Mszana Dolna"
"1964","Lubniewice"
"1965","Gliwice"
"1966","Szumowo"
"1967","Piwniczna-Zdrój"
"1968","Tryńcza"
"1969","Miejsce Piastowe"
"1970","Sieciechów"
"1971","Głuszyca"
"1972","Kraszewice"
"1973","Ostaszewo"
"1974","Pilawa"
"1975","Goczałkowice-Zdrój"
"1976","Nur"
"1977","Godów"
"1978","Mszana"
"1979","Pawłowice"
"1980","Mieroszów"
"1981","Rejowiec Fabryczny"
"1982","Gorzów Wielkopolski"
"1983","Łysomice"
"1984","Wyry"
"1985","Tułowice"
"1986","Gozdnica"
"1987","Wieliszew"
"1988","Jodłownik"
"1989","Włodowice"
"1990","Klonowa"
"1991","Michałowice"
"1992","Sokołów Małopolski"
"1993","Michałów"
"1994","Krempna"
"1995","Suchy Dąb"
"1996","Ośno Lubuskie"
"1997","Zator"
"1998","Janowo"
"1999","Płośnica"
"2000","Mędrzechów"
"2001","Nowe Brzesko"
"2002","Sztutowo"
"2003","Libiąż"
"2004","Klukowo"
"2005","Grudusk"
"2006","Gryfów Śląski"
"2007","Krościenko nad Dunajcem"
"2008","Skarżysko Kościelne"
"2009","Regimin"
"2010","Wadowice Górne"
"2011","Jawornik Polski"
"2012","Pruchnik"
"2013","Hel"
"2014","Lubań"
"2015","Nozdrzec"
"2016","Nowe Piekuty"
"2017","Tyrawa Wołoska"
"2018","Izabelin"
"2019","Niwiska"
"2020","Stryszawa"
"2021","Medyka"
"2022","Markowa"
"2023","Milejewo"
"2024","Linia"
"2025","Imielin"
"2026","Istebna"
"2027","Warta Bolesławiecka"
"2028","Iwonicz-Zdrój"
"2029","Lanckorona"
"2030","Sławatycze"
"2031","Łukowica"
"2032","Przemków"
"2033","Tuczno"
"2034","Świekatowo"
"2035","Świerklany"
"2036","Janowice Wielkie"
"2037","Stare Pole"
"2038","Jarosław"
"2039","Rogów"
"2040","Trzebownisko"
"2041","Jastarnia"
"2042","Jastrzębie-Zdrój"
"2043","Mucharz"
"2044","Jawor"
"2045","Szczawnica"
"2046","Jaworze"
"2047","Laskowa"
"2048","Jaworzno"
"2049","Łagiewniki"
"2050","Jedlina-Zdrój"
"2051","Jejkowice"
"2052","Jelenia Góra"
"2053","Jeleśnia"
"2054","Nowa Sarzyna"
"2055","Kolsko"
"2056","Rudka"
"2057","Zebrzydowice"
"2058","Zębowice"
"2059","Nadarzyn"
"2060","Kalety"
"2061","Kalisz"
"2062","Milówka"
"2063","Kamienica"
"2064","Kamienica Polska"
"2065","Trzciana"
"2066","Popielów"
"2067","Rędziny"
"2068","Karpacz"
"2069","Lądek-Zdrój"
"2070","Katowice"
"2071","Tarnów Opolski"
"2072","Kędzierzyn-Koźle"
"2073","Lipnica Wielka"
"2074","Kielce"
"2075","Zawadzkie"
"2076","Zarzecze"
"2077","Starcza"
"2078","Pszczółki"
"2079","Ropa"
"2080","Knurów"
"2081","Suszec"
"2082","Kobiór"
"2083","Kornowac"
"2084","Kobyłka"
"2085","Łękawica"
"2086","Ślemień"
"2087","Rzepiennik Strzyżewski"
"2088","Konin"
"2089","Niedźwiedź"
"2090","Konstantynów Łódzki"
"2091","Nisko"
"2092","Rudnik nad Sanem"
"2093","Raniżów"
"2094","Kostrzyn nad Odrą"
"2095","Koszalin"
"2096","Koszarawa"
"2097","Kotlin"
"2098","Kowary"
"2099","Kozy"
"2100","Kraków"
"2101","Krosno"
"2102","Krościenko Wyżne"
"2103","Krupski Młyn"
"2104","Krynica Morska"
"2105","Lubień"
"2106","Suchedniów"
"2107","Ksawerów"
"2108","Kudowa-Zdrój"
"2109","Pilchowice"
"2110","Przeciszów"
"2111","Legionowo"
"2112","Legnica"
"2113","Lipowa"
"2114","Lębork"
"2115","Lędziny"
"2116","Tomice"
"2117","Wymiarki"
"2118","Lubenia"
"2119","Międzyzdroje"
"2120","Lublin"
"2121","Lubliniec"
"2122","Luboń"
"2123","Tarnogród"
"2124","Radgoszcz"
"2125","Skrzyszów"
"2126","Łaziska Górne"
"2127","Łeba"
"2128","Łęknica"
"2129","Łódź"
"2130","Maków Mazowiecki"
"2131","Wąchock"
"2132","Marki"
"2133","Marklowice"
"2134","Miasteczko Śląskie"
"2135","Mikołów"
"2136","Milanówek"
"2137","Mława"
"2138","Mysłowice"
"2139","Myszków"
"2140","Świerklaniec"
"2141","Rewal"
"2142","Nieszawa"
"2143","Siekierczyn"
"2144","Nowy Dwór Mazowiecki"
"2145","Nowy Sącz"
"2146","Rytro"
"2147","Świątniki Górne"
"2148","Ochotnica Dolna"
"2149","Olszanica"
"2150","Opole"
"2151","Ornontowice"
"2152","Orzesze"
