"id","name"
"1","kościerski"
"2","lubelski"
"3","lubartowski"
"4","biłgorajski"
"5","miński"
"6","sokólski"
"7","sandomierski"
"8","ostrołęcki"
"9","konecki"
"10","dąbrowski"
"11","słupecki"
"12","kolski"
"13","włocławski"
"14","poddębicki"
"15","włodawski"
"16","człuchowski"
"17","golubsko-dobrzyński"
"18","sieradzki"
"19","tucholski"
"20","sochaczewski"
"21","miechowski"
"22","rybnicki"
"23","żyrardowski"
"24","kutnowski"
"25","grodziski"
"26","suwalski"
"27","makowski"
"28","mławski"
"29","wyszkowski"
"30","płoński"
"31","sierpecki"
"32","żuromiński"
"33","olsztyński"
"34","działdowski"
"35","iławski"
"36","koniński"
"37","wolsztyński"
"38","elbląski"
"39","sztumski"
"40","brodnicki"
"41","lipnowski"
"42","sępoleński"
"43","siemiatycki"
"44","węgrowski"
"45","gostyniński"
"46","łęczyński"
"47","łukowski"
"48","chełmski"
"49","zamojski"
"50","opoczyński"
"51","białobrzeski"
"52","kozienicki"
"53","starachowicki"
"54","lipski"
"55","opatowski"
"56","częstochowski"
"57","brzeziński"
"58","skierniewicki"
"59","tomaszowski"
"60","piotrkowski"
"61","bełchatowski"
"62","radomszczański"
"63","grójecki"
"64","nowodworski"
"65","krasnostawski"
"66","staszowski"
"67","przeworski"
"68","wołomiński"
"69","kolneński"
"70","hrubieszowski"
"71","opolski"
"72","radomski"
"73","sokołowski"
"74","zgierski"
"75","kraśnicki"
"76","stalowowolski"
"77","przemyski"
"78","kielecki"
"79","kłobucki"
"80","turecki"
"81","pabianicki"
"82","łańcucki"
"83","siedlecki"
"84","kaliski"
"85","krakowski"
"86","wołowski"
"87","bydgoski"
"88","przasnyski"
"89","płocki"
"90","piski"
"91","sejneński"
"92","wągrowiecki"
"93","gostyński"
"94","międzychodzki"
"95","legionowski"
"96","piaseczyński"
"97","garwoliński"
"98","szydłowiecki"
"99","jędrzejowski"
"100","pińczowski"
"101","oleski"
"102","średzki"
"103","rawski"
"104","aleksandrowski"
"105","łaski"
"106","łęczycki"
"107","bialski"
"108","janowski"
"109","zwoleński"
"110","białostocki"
"111","tarnobrzeski"
"112","radziejowski"
"113","sulęciński"
"114","chrzanowski"
"115","raciborski"
"116","parczewski"
"117","nakielski"
"118","hajnowski"
"119","łódzki wschodni"
"120","wadowicki"
"121","bielski"
"122","ostrowski"
"123","łomżyński"
"124","zduńskowolski"
"125","wieruszowski"
"126","nowosądecki"
"127","chojnicki"
"128","puławski"
"129","złotowski"
"130","wieluński"
"131","łobeski"
"132","pajęczański"
"133","kępiński"
"134","ostrzeszowski"
"135","jarociński"
"136","szamotulski"
"137","rawicki"
"138","poznański"
"139","grudziądzki"
"140","żniński"
"141","myszkowski"
"142","gołdapski"
"143","szczycieński"
"144","gryfiński"
"145","choszczeński"
"146","ostródzki"
"147","czarnkowsko-trzcianecki"
"148","lubaczowski"
"149","wysokomazowiecki"
"150","milicki"
"151","kwidzyński"
"152","otwocki"
"153","przysuski"
"154","ostrowiecki"
"155","jeleniogórski"
"156","giżycki"
"157","tczewski"
"158","kętrzyński"
"159","gdański"
"160","gnieźnieński"
"161","bartoszycki"
"162","pilski"
"163","łowicki"
"164","bieszczadzki"
"165","inowrocławski"
"166","chodzieski"
"167","augustowski"
"168","leszczyński"
"169","lidzbarski"
"170","rypiński"
"171","mogileński"
"172","nowomiejski"
"173","kartuski"
"174","strzyżowski"
"175","oświęcimski"
"176","głubczycki"
"177","warszawski zachodni"
"178","mielecki"
"179","lubliniecki"
"180","mrągowski"
"181","goleniowski"
"182","zielonogórski"
"183","legnicki"
"184","pyrzycki"
"185","olecki"
"186","ciechanowski"
"187","starogardzki"
"188","leski"
"189","łosicki"
"190","rzeszowski"
"191","zambrowski"
"192","bocheński"
"193","suski"
"194","gorzowski"
"195","kamieński"
"196","buski"
"197","kołobrzeski"
"198","grajewski"
"199","świdnicki"
"200","koszaliński"
"201","szczecinecki"
"202","świecki"
"203","strzelecko-drezdenecki"
"204","moniecki"
"205","trzebnicki"
"206","wschowski"
"207","krośnieński"
"208","chełmiński"
"209","ełcki"
"210","strzelecki"
"211","namysłowski"
"212","ząbkowicki"
"213","sanocki"
"214","słupski"
"215","limanowski"
"216","włoszczowski"
"217","niżański"
"218","gorlicki"
"219","nowotarski"
"220","wrzesiński"
"221","wrocławski"
"222","górowski"
"223","kazimierski"
"224","pleszewski"
"225","braniewski"
"226","brzeski"
"227","lęborski"
"228","gliwicki"
"229","bytowski"
"230","gryficki"
"231","myśliborski"
"232","wejherowski"
"233","policki"
"234","nidzicki"
"235","oleśnicki"
"236","kłodzki"
"237","pułtuski"
"238","sławieński"
"239","wąbrzeski"
"240","strzeliński"
"241","lubański"
"242","brzozowski"
"243","jaworski"
"244","stargardzki"
"245","krotoszyński"
"246","świdwiński"
"247","cieszyński"
"248","kluczborski"
"249","obornicki"
"250","jasielski"
"251","dębicki"
"252","głogowski"
"253","radzyński"
"254","lwówecki"
"255","wodzisławski"
"256","toruński"
"257","kościański"
"258","myślenicki"
"259","drawski"
"260","ropczycko-sędziszowski"
"261","będziński"
"262","tarnowski"
"263","prudnicki"
"264","zawierciański"
"265","nyski"
"266","Biała Podlaska"
"267","tatrzański"
"268","rycki"
"269","żarski"
"270","słubicki"
"271","białogardzki"
"272","pucki"
"273","zgorzelecki"
"274","Białystok"
"275","leżajski"
"276","węgorzewski"
"277","śremski"
"278","polkowicki"
"279","złotoryjski"
"280","dzierżoniowski"
"281","nowosolski"
"282","międzyrzecki"
"283","Bielsko-Biała"
"284","bolesławiecki"
"285","kędzierzyńsko-kozielski"
"286","żywiecki"
"287","żagański"
"288","bieruńsko-lędziński"
"289","wielicki"
"290","proszowicki"
"291","pruszkowski"
"292","oławski"
"293","skarżyski"
"294","nowotomyski"
"295","kamiennogórski"
"296","świebodziński"
"297","jarosławski"
"298","olkuski"
"299","wałbrzyski"
"300","lubiński"
"301","tarnogórski"
"302","krapkowicki"
"303","malborski"
"304","wałecki"
"305","pszczyński"
"306","kolbuszowski"
"307","Bydgoszcz"
"308","Bytom"
"309","Chełm"
"310","Chorzów"
"311","Częstochowa"
"312","Dąbrowa Górnicza"
"313","Elbląg"
"314","Gdańsk"
"315","Gdynia"
"316","Gliwice"
"317","Gorzów Wielkopolski"
"318","mikołowski"
"319","Grudziądz"
"320","Jastrzębie-Zdrój"
"321","Jaworzno"
"322","Jelenia Góra"
"323","Kalisz"
"324","Katowice"
"325","Kielce"
"326","Konin"
"327","Koszalin"
"328","Kraków"
"329","Krosno"
"330","Legnica"
"331","Leszno"
"332","Lublin"
"333","Łomża"
"334","Łódź"
"335","Mysłowice"
"336","Nowy Sącz"
"337","Olsztyn"
"338","Opole"
